Category,Image ( from Internet ) ,Image_Explanation,Prompt,Prompt Template,Example_Prompt_Template,Simple_User_Prompt,Column 1,Prompt_used_to_generate
FlashCards,printable-vocabulary-flashcards-for-toddlers-1.png,"This image displays six flashcards, each featuring a simple, isolated illustration of an object or living thing, along with its name in a clear, sans-serif font below. The illustrations are stylized and child-friendly, with bold outlines and flat colors, making them suitable for young children.","Six flashcards for toddlers, each with a single, simple, bold, colorful cartoon illustration of an object, centered, with its name in clear black sans-serif text below the illustration. The flashcards are arranged in a 2x3 grid on a white background. Examples of objects include a carrot, a leaf, a ladybug, a pig, the Earth, and a flower.","Six flashcards for toddlers, arranged in a 2x3 grid on a white background. Each flashcard features a single, simple, bold, colorful cartoon illustration of [OBJECT 1], [OBJECT 2], [OBJECT 3], [OBJECT 4], [OBJECT 5], and [OBJECT 6]. Below each illustration, the object's name is written in clear black sans-serif text. The style is child-friendly, with prominent outlines and flat colors, designed for young children aged 2-5.","Six flashcards for toddlers, arranged in a 2x3 grid on a white background. Each flashcard features a single, simple, bold, colorful cartoon illustration of a red apple, a blue ball, a yellow duck, a green tree, a purple grape, and an orange cat. Below each illustration, the object's name is written in clear black sans-serif text. The style is child-friendly, with prominent outlines and flat colors, designed for young children aged 2-5.","General:
""Toddler flashcards, 6 images.""
""Simple picture cards for kids.""
""Flashcards for children with names.""
""Learning cards for toddlers.""
More Specific:
""Animal flashcards for kids.""
""Fruit flashcards, simple style.""
""Shapes flashcards for toddlers.""
""Flashcards of common objects.""",,"explain this image as a prompt which can be used to generate images again using model gemini 2.5 flash image preview. also give me prompt template to generate such kinds of images for toddlers of 2 to 5 age.

Your goal is to give me:

Prompt , Prompt Template, Example Based on Prompt Template and Simple User Prompts : General and more specific ( what a normal Parents/teacher will give input as prompt."
,750f-10326722-1.png,"This image displays four flashcards, each featuring a simple, isolated illustration of an object or animal, along with its name in a clear, sans-serif font below. The illustrations are stylized and child-friendly, with bold outlines and bright colors, making them suitable for young children. The flashcards are arranged in a 2x2 grid.","Four flashcards for toddlers, each with a single, simple, bold, colorful cartoon illustration of an object or animal, centered, with its name in clear black sans-serif text below the illustration. The flashcards are arranged in a 2x2 grid on a white background. The illustrations include a sippy cup, a smiling cat, a colorful beach ball, and a friendly dog.","Four flashcards for toddlers, arranged in a 2x2 grid on a white background. Each flashcard features a single, simple, bold, colorful cartoon illustration of [OBJECT/ANIMAL 1], [OBJECT/ANIMAL 2], [OBJECT/ANIMAL 3], and [OBJECT/ANIMAL 4]. Below each illustration, the object's or animal's name is written in clear black sans-serif text. The style is child-friendly, with prominent outlines and bright colors, designed for young children aged 2-5.","Four flashcards for toddlers, arranged in a 2x2 grid on a white background. Each flashcard features a single, simple, bold, colorful cartoon illustration of a red apple, a yellow duck, a blue car, and a green tree. Below each illustration, the object's or animal's name is written in clear black sans-serif text. The style is child-friendly, with prominent outlines and bright colors, designed for young children aged 2-5.","General Simple Prompts:
""Toddler flashcards, 4 images.""
""Simple picture cards, 2x2 layout.""
""Flashcards with words for kids.""
""Learning cards for young children.""

More Specific Simple Prompts:
""Baby animals flashcards, 2x2 grid.""
""Everyday objects flashcards for kids.""
""Toy flashcards, simple drawings.""
""Flashcards: cup, cat, ball, dog.""",,
,a4-1.jpg,"This image displays four flashcards, each featuring a vibrant, child-friendly illustration of a common object or animal. The background of each card is a soft, colorful gradient (light pink, blue, purple) with subtle star or sparkle accents, and each card has a pink border. Below each illustration, the name of the object/animal is written in a clear, bold, sans-serif font. The overall style is bright, cheerful, and engaging for young children.","Four vibrant flashcards for toddlers, arranged in a 2x2 grid. Each card has a soft, colorful gradient background with subtle sparkle accents and a pink border. Each flashcard features a single, prominent, cheerful cartoon illustration: a smiling sun, a green tree, a happy pink pig, and a black and white cow with a bell. Below each illustration, its name is written in clear, bold black sans-serif text.","Four vibrant flashcards for toddlers, arranged in a 2x2 grid. Each card has a [BACKGROUND COLOR/GRADIENT] background with subtle [ACCENT TYPE, e.g., sparkle, star, dot] accents and a [BORDER COLOR] border. Each flashcard features a single, prominent, cheerful cartoon illustration of [OBJECT/ANIMAL 1], [OBJECT/ANIMAL 2], [OBJECT/ANIMAL 3], and [OBJECT/ANIMAL 4]. Below each illustration, its name is written in clear, bold black sans-serif text. The style is bright, engaging, and suitable for young children aged 2-5.","Four vibrant flashcards for toddlers, arranged in a 2x2 grid. Each card has a light blue background with subtle cloud accents and a yellow border. Each flashcard features a single, prominent, cheerful cartoon illustration of a red apple, a yellow duck, a blue car, and a green frog. Below each illustration, its name is written in clear, bold black sans-serif text. The style is bright, engaging, and suitable for young children aged 2-5.","General Simple Prompts:
""Bright flashcards for toddlers, 4 cards.""
""Colorful learning cards for kids.""
""Flashcards with pictures and names, fun style.""
""Kids' teaching cards, 2x2 layout.""

More Specific Simple Prompts:
""Farm animal flashcards, cute style.""
""Nature flashcards for preschoolers.""
""Sun, tree, pig, cow flashcards.""
""Flashcards for young children with a cheerful look.""",,
,1600w-jGAQyErRL5w.png,"This image displays eight flashcards, each featuring a cute, simplified cartoon illustration of an animal. The cards have rounded corners and subtle pastel-colored backgrounds (alternating light purple and light green) with thin borders matching the background color. Below each illustration, the animal's name is written in a clear, bold, sans-serif font, using a color that complements the card's background. The style is gentle, friendly, and highly suitable for young children.","Eight flashcards for toddlers, arranged in a 2x4 grid. Each card has rounded corners and a soft pastel background (alternating light purple and light green) with a thin matching border. Each flashcard features a single, prominent, cute cartoon illustration of an animal, centered. The animals include an alligator, a bear, a cat, a dog, an elephant, a fish, a goat, and a hippo. Below each illustration, its name is written in clear, bold, sans-serif text, with text color complementing the card's background (e.g., darker purple on light purple, darker green on light green).","Eight flashcards for toddlers, arranged in a 2x4 grid. Each card has rounded corners and a soft pastel [BACKGROUND COLOR/PATTERN] with a thin matching border. Each flashcard features a single, prominent, cute cartoon illustration of [ANIMAL 1], [ANIMAL 2], [ANIMAL 3], [ANIMAL 4], [ANIMAL 5], [ANIMAL 6], [ANIMAL 7], and [ANIMAL 8]. Below each illustration, its name is written in clear, bold, sans-serif text, with the text color complementing the card's background. The style is gentle, friendly, and suitable for young children aged 2-5.","Eight flashcards for toddlers, arranged in a 2x4 grid. Each card has rounded corners and a soft pastel yellow background with a thin matching border. Each flashcard features a single, prominent, cute cartoon illustration of a lion, a monkey, a zebra, a giraffe, a tiger, a panda, a koala, and a parrot. Below each illustration, its name is written in clear, bold, sans-serif text, with the text color complementing the card's background. The style is gentle, friendly, and suitable for young children aged 2-5.","General Simple Prompts:
""Animal flashcards for kids, 8 cards.""
""Cute animal learning cards.""
""Flashcards with cartoon animals and names.""
""Preschool animal cards, 2x4 layout.""

More Specific Simple Prompts:
""Wild animal flashcards, gentle style.""
""Flashcards: alligator, bear, cat, dog, elephant, fish, goat, hippo.""
""Cute animal cards for toddlers.""
""Learning cards with different animals.""",,
Letters,Letter-A-Trace-Color-Find-791x1024.jpg,"This image shows a black and white worksheet designed for teaching a toddler the letter 'A'. The page is divided into four sections: the top left shows a large uppercase 'A' made of dots for tracing; the top right has a lowercase 'a' in a similar dot style. The bottom left features a simple, bold line drawing of an airplane for coloring. The bottom right is a ""find the letter"" activity with a mix of uppercase and lowercase letters 'A' scattered among other letters. The top of the page has simple headings for ""Name"" and ""Date.""",A black and white toddler worksheet for the letter 'A'. The page is divided into four sections. The top left has a dotted uppercase 'A' for tracing. The top right has a dotted lowercase 'a' for tracing. The bottom left has a simple line drawing of an airplane to color. The bottom right has a 'find the letter A' activity with various uppercase and lowercase letters.,"A black and white toddler worksheet for the letter [LETTER, e.g., 'B']. The page is divided into four sections. The top left has a dotted uppercase [LETTER] for tracing. The top right has a dotted lowercase [LETTER] for tracing. The bottom left has a simple line drawing of a [OBJECT STARTING WITH THE LETTER, e.g., 'ball'] to color. The bottom right has a 'find the letter [LETTER]' activity with various uppercase and lowercase letters. The page has headings for 'Name' and 'Date' at the top.",A black and white toddler worksheet for the letter 'B'. The page is divided into four sections. The top left has a dotted uppercase 'B' for tracing. The top right has a dotted lowercase 'b' for tracing. The bottom left has a simple line drawing of a balloon to color. The bottom right has a 'find the letter B' activity with various uppercase and lowercase letters. The page has headings for 'Name' and 'Date' at the top.,"General Simple Prompts:
""Create a letter tracing worksheet for kids.""
""Alphabet worksheet for toddlers.""
""Letter learning activity page.""
""Black and white printable for preschoolers.""

More Specific Simple Prompts:
""Worksheet for the letter 'C' with a car.""
""Trace the letter 'D' and color a dog.""
""Letter 'E' tracing page for kindergarten.""
""A worksheet to learn the letter 'F'.""",,
,alphabet-01-scaled-e1615604469231.jpg,"This image displays a black and white alphabet tracing worksheet for the letter 'A', designed for young children. At the top, there's a large, outlined uppercase 'A' with tracing arrows, next to a simple line drawing of an ant with the word ""ant"" beside it. Below this, there are two rows dedicated to tracing the uppercase 'A', starting with a solid 'A' followed by dashed lines for tracing. The bottom section has multiple lines of dashed uppercase 'A's for continued practice.","A black and white alphabet tracing worksheet for the uppercase letter 'A'. At the top, a large outlined 'A' with tracing arrows is shown next to a simple line drawing of an ant with the word 'ant'. Below this, there are two practice rows for tracing 'A', each starting with a solid 'A' followed by dashed lines. The bottom section features multiple lines of dashed uppercase 'A's for tracing practice. The worksheet is clean and functional.","A black and white alphabet tracing worksheet for the uppercase letter [LETTER, e.g., 'B']. At the top, a large outlined [LETTER] with tracing arrows is shown next to a simple line drawing of a [OBJECT STARTING WITH LETTER, e.g., 'bird'] with the word '[OBJECT NAME]'. Below this, there are two practice rows for tracing [LETTER], each starting with a solid [LETTER] followed by dashed lines. The bottom section features multiple lines of dashed uppercase [LETTER]s for tracing practice. The worksheet is clean and functional, designed for children aged 2-5.","""A black and white alphabet tracing worksheet for the uppercase letter 'B'. At the top, a large outlined 'B' with tracing arrows is shown next to a simple line drawing of a bear with the word 'bear'. Below this, there are two practice rows for tracing 'B', each starting with a solid 'B' followed by dashed lines. The bottom section features multiple lines of dashed uppercase 'B's for tracing practice. The worksheet is clean and functional, designed for children aged 2-5.""
","General Simple Prompts:
""Letter tracing worksheet for kids.""
""Alphabet practice page, black and white.""
""Handwriting worksheet for preschoolers.""
""Trace the letter [LETTER] activity.""

More Specific Simple Prompts:
""Worksheet to trace letter 'C' with a cat.""
""Letter 'D' tracing practice with a dog picture.""
""Uppercase 'E' tracing sheet for toddlers.""
""Printable for learning to write letter 'F'.""",,
,il_570xN.2415976053_5xh6.jpg,"This image is a simple, black and white letter tracing worksheet designed for early learners. The page has a decorative, torn-paper-style border. At the top, the title ""Trace the letters"" is displayed next to a small drawing of an apple with a bite taken out of it. The rest of the page consists of six rows of dotted uppercase and lowercase 'A's for the child to trace.","""A black and white letter tracing worksheet with a decorative, torn-paper-style border. The title 'Trace the letters' is at the top, next to a small, simple line drawing of a bitten apple. The rest of the page is filled with six rows of dotted uppercase 'A' and lowercase 'a' pairs for tracing.""
","""A black and white letter tracing worksheet for the letters [LETTER, e.g., 'B']. The page has a [BORDER STYLE, e.g., wavy, simple, torn-paper-style] border. The title '[TITLE, e.g., 'Trace the letters', 'My Letter Practice']' is at the top, next to a small, simple line drawing of a [OBJECT STARTING WITH LETTER, e.g., 'ball']. The rest of the page is filled with six rows of dotted uppercase [LETTER] and lowercase [LETTER] pairs for tracing.""
","""A black and white letter tracing worksheet for the letters 'B'. The page has a simple, straight-line border. The title 'My Letter Practice' is at the top, next to a small, simple line drawing of a bee. The rest of the page is filled with six rows of dotted uppercase 'B' and lowercase 'b' pairs for tracing.""
","General Simple Prompts:
""Letter tracing worksheet for kids.""
""Alphabet tracing page, simple style.""
""Printable for learning letters.""
""Worksheet for tracing letters for preschoolers.""

More Specific Simple Prompts:
""Worksheet to trace the letter 'C'.""
""Practice page for tracing 'D' and 'd'.""
""Simple tracing worksheet for the letters 'E' and 'e'.""
""A page to practice writing the letter 'F'.""",,
,letter-a-worksheet-for-preschoolers-11.jpg,"This image is a clean, black and white letter activity worksheet for early learners. The page is divided into three sections: a tracing section, a coloring section, and a simple picture coloring section. The top section, titled ""Trace the letters,"" has a single row of uppercase and lowercase 'A' pairs with dashed lines for tracing. The middle section, ""Color the letters,"" features a large, hollow uppercase 'A' and lowercase 'a' for coloring. The bottom section, ""Color the apple,"" has a simple line drawing of an apple to be colored. The design is straightforward and functional.
","""A simple black and white toddler worksheet for the letter 'A'. The page is divided into three sections from top to bottom. The top section, titled 'Trace the letters', has a single row of dashed uppercase and lowercase 'A' pairs for tracing. The middle section, 'Color the letters', features a large, outlined uppercase 'A' and lowercase 'a' for coloring. The bottom section, 'Color the apple', has a simple line drawing of an apple to be colored.""
","""A simple black and white toddler worksheet for the letter [LETTER, e.g., 'B']. The page is divided into three sections from top to bottom. The top section, titled 'Trace the letters', has a single row of dashed uppercase and lowercase [LETTER] pairs for tracing. The middle section, 'Color the letters', features a large, outlined uppercase [LETTER] and lowercase [LETTER] for coloring. The bottom section, 'Color the [OBJECT STARTING WITH LETTER, e.g., 'ball']', has a simple line drawing of a [OBJECT NAME] to be colored. The design is straightforward and functional for children aged 2-5.""

","""A simple black and white toddler worksheet for the letter 'B'. The page is divided into three sections from top to bottom. The top section, titled 'Trace the letters', has a single row of dashed uppercase and lowercase 'B' pairs for tracing. The middle section, 'Color the letters', features a large, outlined uppercase 'B' and lowercase 'b' for coloring. The bottom section, 'Color the balloon', has a simple line drawing of a balloon to be colored. The design is straightforward and functional for children aged 2-5.""
","General Simple Prompts:
""Letter worksheet for kids, trace and color.""
""Alphabet activity page, black and white.""
""Simple letter practice sheet.""
""A worksheet to learn a new letter.""

More Specific Simple Prompts:
""Worksheet for letter 'C', trace and color.""
""Practice page for the letter 'D' with a picture of a dog.""
""Trace and color the letter 'E' worksheet.""
""A simple activity page for the letter 'F'.""",,
,99b228ee8cebd23a79ba75963ed8221a.jpg,"This image is a black and white alphabet activity worksheet focused on the letter 'B'. The top section features a bold uppercase 'B' along with several simple line-art illustrations of objects or animals that start with 'B' (a soccer ball, a bee, a book, a butterfly, and a bell). The bottom half of the page is dedicated to handwriting practice, with multiple rows of dotted uppercase 'B's for tracing. The overall design is clear, functional, and suitable for early learning.
","""A black and white alphabet activity worksheet for the uppercase letter 'B'. The top half of the page features a large, bold uppercase 'B' along with simple line-art illustrations of a soccer ball, a bee, a book, a butterfly, and a bell. The bottom half of the page contains multiple rows of dotted uppercase 'B's for handwriting tracing practice. The worksheet is clear and functional for early learners.""
","""A black and white alphabet activity worksheet for the uppercase letter [LETTER, e.g., 'C']. The top half of the page features a large, bold uppercase [LETTER] along with simple line-art illustrations of [OBJECT/ANIMAL 1 STARTING WITH LETTER, e.g., 'car'], [OBJECT/ANIMAL 2 STARTING WITH LETTER, e.g., 'cat'], [OBJECT/ANIMAL 3 STARTING WITH LETTER, e.g., 'cup'], and [OBJECT/ANIMAL 4 STARTING WITH LETTER, e.g., 'cake']. The bottom half of the page contains multiple rows of dotted uppercase [LETTER]s for handwriting tracing practice. The worksheet is clear and functional for children aged 2-5.""
","""A black and white alphabet activity worksheet for the uppercase letter 'C'. The top half of the page features a large, bold uppercase 'C' along with simple line-art illustrations of a car, a cat, a cup, and a cake. The bottom half of the page contains multiple rows of dotted uppercase 'C's for handwriting tracing practice. The worksheet is clear and functional for children aged 2-5.""
","General Simple Prompts:
""Letter worksheet with tracing and pictures.""
""Alphabet activity page, black and white.""
""Printable for learning letters.""
""Handwriting practice for preschoolers.""

More Specific Simple Prompts:
""Worksheet for letter 'D' with tracing and pictures.""
""Practice page for the letter 'E' with objects.""
""Uppercase 'F' tracing sheet with simple drawings.""
""Activity page for learning letter 'G' and its sound.""",,
,c158131b-6bd0-4f50-a5c6-73dd35b83131.png,"This image is a black and white alphabet tracing worksheet focused on the letter 'D'. At the top, a large uppercase 'D' and lowercase 'd' are displayed. Next to them, there's a space for ""Name"" and a simple line drawing of a dolphin, with the word ""Dolphin"" written below it. Below this, there are guided tracing lines for both uppercase and lowercase 'D', showing stroke order with numbers and arrows. The bottom half of the page provides multiple rows of dashed uppercase 'D's and lowercase 'd's for extended tracing practice. The design is clean, clear, and focused on letter formation.","""A black and white alphabet tracing worksheet for the letter 'D'. At the top, a large uppercase 'D' and lowercase 'd' are shown. To the right, there is a simple line drawing of a dolphin with the word 'Dolphin' and a 'Name:' field. Below this, guided tracing lines with stroke order numbers and arrows are provided for both uppercase and lowercase 'D'. The bottom half of the page contains multiple rows of dashed uppercase 'D's and lowercase 'd's for tracing practice. The worksheet is clean and designed for letter formation.""

","""A black and white alphabet tracing worksheet for the letter [LETTER, e.g., 'E']. At the top, a large uppercase [LETTER] and lowercase [LETTER] are shown. To the right, there is a simple line drawing of a [OBJECT/ANIMAL STARTING WITH LETTER, e.g., 'elephant'] with the word '[OBJECT/ANIMAL NAME]' and a 'Name:' field. Below this, guided tracing lines with stroke order numbers and arrows are provided for both uppercase and lowercase [LETTER]. The bottom half of the page contains multiple rows of dashed uppercase [LETTER]s and lowercase [LETTER]s for tracing practice. The worksheet is clean, clear, and focused on letter formation for children aged 2-5.""
","""A black and white alphabet tracing worksheet for the letter 'E'. At the top, a large uppercase 'E' and lowercase 'e' are shown. To the right, there is a simple line drawing of an elephant with the word 'Elephant' and a 'Name:' field. Below this, guided tracing lines with stroke order numbers and arrows are provided for both uppercase and lowercase 'E'. The bottom half of the page contains multiple rows of dashed uppercase 'E's and lowercase 'e's for tracing practice. The worksheet is clean, clear, and focused on letter formation for children aged 2-5.""
","General Simple Prompts:
""Letter tracing worksheet for kids.""
""Alphabet practice page, black and white.""
""Handwriting worksheet for preschoolers.""
""Trace the letter [LETTER] with guide.""

More Specific Simple Prompts:
""Worksheet for letter 'F', trace with guides, with a fish.""
""Practice page for 'G' and 'g' with a picture of a grape.""
""Uppercase and lowercase 'H' tracing sheet with a horse.""
""Activity page to learn to write the letter 'I' with an ice cream.""",,
,566w-obl_Mufe3gs.png,"This image is a colorful, multi-activity worksheet designed for teaching the letter 'A' to toddlers. The page has a ""Name:"" field at the top, followed by a section for tracing the uppercase and lowercase 'A' with directional arrows and numbers. Below this, there's a title ""Cut and paste the picture that begin with the letter Aa."" with three empty squares for pasting. The bottom section, separated by a dashed cut line with scissors icon, contains four small, colorful illustrations: an ant, an axe, an apple, and a pear. The worksheet combines tracing, letter recognition, and fine motor skills.
","""A colorful toddler worksheet for the letter 'A'. The top section has a 'Name:' field. Below that, guided tracing for uppercase and lowercase 'A' with stroke order arrows and numbers. Then, the title 'Cut and paste the picture that begin with the letter Aa.' appears, with three empty squares below it. The bottom section, separated by a dashed cut line and scissors icon, features four small, colorful illustrations: an ant, an axe, an apple, and a pear.""
","""A colorful toddler worksheet for the letter [LETTER, e.g., 'B']. The top section has a 'Name:' field. Below that, guided tracing for uppercase and lowercase [LETTER] with stroke order arrows and numbers. Then, the title 'Cut and paste the picture that begin with the letter [LETTER][lowercase letter].' appears, with three empty squares below it. The bottom section, separated by a dashed cut line and scissors icon, features four small, colorful illustrations: [OBJECT 1 STARTING WITH LETTER, e.g., 'bee'], [OBJECT 2 STARTING WITH LETTER, e.g., 'ball'], [OBJECT 3 STARTING WITH LETTER, e.g., 'bear'], and [OBJECT 4 NOT STARTING WITH LETTER, e.g., 'tree']. The worksheet combines tracing, letter recognition, and fine motor skills for children aged 2-5.""
","""A colorful toddler worksheet for the letter 'B'. The top section has a 'Name:' field. Below that, guided tracing for uppercase and lowercase 'B' with stroke order arrows and numbers. Then, the title 'Cut and paste the picture that begin with the letter Bb.' appears, with three empty squares below it. The bottom section, separated by a dashed cut line and scissors icon, features four small, colorful illustrations: a bee, a ball, a bear, and a flower. The worksheet combines tracing, letter recognition, and fine motor skills for children aged 2-5.""
","General Simple Prompts:
""Letter worksheet with tracing, cutting, and pasting.""
""Alphabet activity for kids, full page.""
""Learning letter 'A' with pictures.""
""Preschool worksheet for new letters.""

More Specific Simple Prompts:
""Worksheet for letter 'C' with cutting activity and tracing.""
""Trace and cut pictures for the letter 'D'.""
""Letter 'E' activity page, cut and paste.""
""Printable for letter 'F' with tracing and picture sorting.""",,
Vegetables,,,,,,,,